reference_code,title,price,currency,url,collection,objectID
,,"5,350€",EUR,,,CRB6079117
,,"6,750€",EUR,,,CRB6081517
,,"7,900€",EUR,,,CRB6079417
,,"8,150€",EUR,,,CRB6077017
,,"8,150€",EUR,,,CRB6067517
,,"10,700€",EUR,,,CRB6079717
,,"11,100€",EUR,,,CRB6086517
,,"13,100€",EUR,,,CRB6080117
,,"17,100€",EUR,,,CRB7224761
,,,EUR,,,CRB4247500
,,,EUR,,,CRB4084600
,,"5,750€",EUR,,,CRB6079217
,,"7,200€",EUR,,,CRB6081617
,,"8,450€",EUR,,,CRB6079517
,,"8,700€",EUR,,,CRB6077117
,,"8,700€",EUR,,,CRB6067617
,,"11,500€",EUR,,,CRB6079817
,,"14,000€",EUR,,,CRB6080217
,,,EUR,,,CRB4247700
,,,EUR,,,CRB4085100
,,,EUR,,,CRB4084700
,,"5,350€",EUR,,,CRB6079017
,,"6,750€",EUR,,,CRB6081417
,,"7,900€",EUR,,,CRB6079317
,,"8,150€",EUR,,,CRB6079917
,,"8,150€",EUR,,,CRB6067417
,,"10,700€",EUR,,,CRB6079617
,,"13,100€",EUR,,,CRB6080017
,,"17,100€",EUR,,,CRB7224758
,,,EUR,,,CRB4247600
,,,EUR,,,CRB4085200
,,,EUR,,,CRB4084800
,,"8,150€",EUR,,,CRB6081817
,,"8,150€",EUR,,,CRB6081717
,,"8,700€",EUR,,,CRB6081917
,,"13,100€",EUR,,,CRB6082117
,,"13,100€",EUR,,,CRB6082017
,,"14,000€",EUR,,,CRB6082217
,,"18,900€",EUR,,,CRB6082417
,,"18,900€",EUR,,,CRB6082317
,,"20,200€",EUR,,,CRB6082517
,,,EUR,,,CRB4085300
,,,EUR,,,CRB4084900
,,"1,720€",EUR,,,CRB6068115
,,"1,840€",EUR,,,CRB7224816
,,"2,420€",EUR,,,CRB7224815
,,"3,700€",EUR,,,CRB6068017
,,"3,800€",EUR,,,CRB7224955
,,"3,800€",EUR,,,CRB7224812
,,"4,900€",EUR,,,CRB7224813
,,"6,000€",EUR,,,CRB6080815
,,"8,800€",EUR,,,CRB6067917
,,"12,000€",EUR,,,CRB7224988
,,"12,200€",EUR,,,CRB6067817
,,"20,900€",EUR,,,CRB6078017
,,"30,600€",EUR,,,CRB6077917
,,"68,500€",EUR,,,CRN7424595
,,,EUR,,,CRB4240600
,,,EUR,,,CRB4239900
,,,EUR,,,CRB4239800
,,,EUR,,,CRB4236400
,,,EUR,,,CRB4236100
,,,EUR,,,CRB4235100
,,,EUR,,,CRB4234200
,,,EUR,,,CRB4234100
,,,EUR,,,CRB4089100
,,"4,150€",EUR,,,CRB6062617
,,"8,800€",EUR,,,CRB6048217
,,"13,100€",EUR,,,CRB6070017
,,"15,200€",EUR,,,CRB7224799
,,"18,900€",EUR,,,CRB6070317
,,"36,500€",EUR,,,CRN7424165
,,"47,900€",EUR,,,CRN6039717
,,,EUR,,,CRB4244900
,,,EUR,,,CRB4225900
,,,EUR,,,CRB4092600
,,,EUR,,,CRB4032400
,,"4,450€",EUR,,,CRB6083917
,,"9,450€",EUR,,,CRB6048317
,,"14,000€",EUR,,,CRB6070117
,,"20,200€",EUR,,,CRB6070417
,,,EUR,,,CRB4245000
,,,EUR,,,CRB4226000
,,,EUR,,,CRB4207600
,,,EUR,,,CRB4099200
,,,EUR,,,CRB4050600
,,,EUR,,,CRB4050500
,,,EUR,,,CRB4032500
,,"4,150€",EUR,,,CRB6062517
,,"8,800€",EUR,,,CRB6048117
,,"13,100€",EUR,,,CRB6069917
,,"15,200€",EUR,,,CRB7224803
,,"18,900€",EUR,,,CRB6070217
,,"22,400€",EUR,,,CRN7424355
,,"47,900€",EUR,,,CRN6039317
,,,EUR,,,CRB4244800
,,,EUR,,,CRB4225800
,,,EUR,,,CRB4097500
,,,EUR,,,CRB4092500
,,,EUR,,,CRB4087500
,,,EUR,,,CRB4050800
,,,EUR,,,CRB4050700
,,"3,950€",EUR,,,CRB6069815
,,"13,500€",EUR,,,CRB7225003
,,"34,500€",EUR,,,CRN6721317
,,"67,500€",EUR,,,CRN6729117
,,,EUR,,,CRB4242000
,,,EUR,,,CRB4241900
,,,EUR,,,CRB4241700
,,,EUR,,,CRB4240800
,,,EUR,,,CRB4236000
,,,EUR,,,CRB4235900
,,,EUR,,,CRB4235400
,,"5,850€",EUR,,,CRB6066117
,,"7,200€",EUR,,,CRB6091917
,,"8,550€",EUR,,,CRB6063817
,,"8,800€",EUR,,,CRB6081317
,,"9,400€",EUR,,,CRB6065417
,,"9,500€",EUR,,,CRB7224756
,,"9,750€",EUR,,,CRB6078317
,,"10,200€",EUR,,,CRN6730517
,,"11,300€",EUR,,,CRB6077217
,,"11,500€",EUR,,,CRB7224904
,,"13,000€",EUR,,,CRN6730617
,,"14,700€",EUR,,,CRB6048617
,,"15,000€",EUR,,,CRN6730715
,,"15,700€",EUR,,,CRB6065617
,,"17,100€",EUR,,,CRN7424557
,,"18,400€",EUR,,,CRN7424422
,,"22,700€",EUR,,,CRN7424530
,,"26,100€",EUR,,,CRN6721917
,,"27,300€",EUR,,,CRN7424533
,,"28,200€",EUR,,,CRN7424574
,,"32,100€",EUR,,,CRN6700517
,,"39,400€",EUR,,,CRN7408338
,,"52,000€",EUR,,,CRN6719217
,,"52,500€",EUR,,,CRN7424507
,,"116,000€",EUR,,,CRN7424431
,,"117,000€",EUR,,,CRN6729217
,,,EUR,,,CRN4815200
,,,EUR,,,CRN4788100
,,,EUR,,,CRN4780900
,,,EUR,,,CRN4767900
,,,EUR,,,CRN4722500
,,,EUR,,,CRN4193100
,,,EUR,,,CRB4247200
,,,EUR,,,CRB4247100
,,,EUR,,,CRB4247000
,,,EUR,,,CRB4246900
,,,EUR,,,CRB4243500
,,,EUR,,,CRB4243400
,,,EUR,,,CRB4243300
,,,EUR,,,CRB4243200
,,,EUR,,,CRB4243100
,,,EUR,,,CRB4243000
,,,EUR,,,CRB4242900
,,,EUR,,,CRB4242800
,,,EUR,,,CRB4242600
,,,EUR,,,CRB4242500
,,,EUR,,,CRB4239100
,,,EUR,,,CRB4238400
,,,EUR,,,CRB4238300
,,,EUR,,,CRB4230800
,,,EUR,,,CRB4230700
,,,EUR,,,CRB4230600
,,,EUR,,,CRB4230100
,,,EUR,,,CRB4227200
,,,EUR,,,CRB4216900
,,,EUR,,,CRB4211800
,,,EUR,,,CRB4085900
,,,EUR,,,CRB4079900
,,,EUR,,,CRB4074100
,,,EUR,,,CRB4059600
,,,EUR,,,CRB4057600
,,,EUR,,,CRB4031300
,,,EUR,,,CRB4031200
,,,EUR,,,CRB4002300
,,"6,250€",EUR,,,CRB6084017
,,"7,750€",EUR,,,CRB6092017
,,"9,400€",EUR,,,CRB6085417
,,"11,000€",EUR,,,CRN6719617
,,"12,100€",EUR,,,CRB6065717
,,"15,700€",EUR,,,CRB6048717
,,"24,300€",EUR,,,CRN7424408
,,"25,700€",EUR,,,CRN6708517
,,"28,800€",EUR,,,CRN6730417
,,,EUR,,,CRN4730900
,,,EUR,,,CRB4233100
,,,EUR,,,CRB4227400
,,,EUR,,,CRB4222500
,,,EUR,,,CRB4211000
,,,EUR,,,CRB4099500
,,,EUR,,,CRB4092700
,,,EUR,,,CRB4083500
,,"3,500€",EUR,,,CRB7224768
,,"5,850€",EUR,,,CRB6065817
,,"7,200€",EUR,,,CRB6091317
,,"8,550€",EUR,,,CRB6049517
,,"8,800€",EUR,,,CRB6065117
,,"9,750€",EUR,,,CRB6078417
,,"10,200€",EUR,,,CRN6718717
,,"11,300€",EUR,,,CRB6065217
,,"11,500€",EUR,,,CRB7224902
,,"13,000€",EUR,,,CRN6723517
,,"14,700€",EUR,,,CRB6048517
,,"17,100€",EUR,,,CRN7424553
,,"18,400€",EUR,,,CRN7424419
,,"19,400€",EUR,,,CRN7424398
,,"22,700€",EUR,,,CRN7424407
,,"24,000€",EUR,,,CRN6708417
,,"26,100€",EUR,,,CRN6722017
,,"27,300€",EUR,,,CRN7424462
,,"28,200€",EUR,,,CRN7424571
,,"42,000€",EUR,,,CRN6729617
,,"46,400€",EUR,,,CRN7424268
,,"70,500€",EUR,,,CRN7424410
,,,EUR,,,CRB4246700
,,,EUR,,,CRB4246600
,,,EUR,,,CRB4243700
,,,EUR,,,CRB4243600
,,,EUR,,,CRB4242700
,,,EUR,,,CRB4241200
,,,EUR,,,CRB4241100
,,,EUR,,,CRB4240200
,,,EUR,,,CRB4237800
,,,EUR,,,CRB4234300
,,,EUR,,,CRB4232500
,,,EUR,,,CRB4232300
,,,EUR,,,CRB4230900
,,,EUR,,,CRB4230000
,,,EUR,,,CRB4229900
,,,EUR,,,CRB4229800
,,,EUR,,,CRB4227300
,,,EUR,,,CRB4215900
,,,EUR,,,CRB4210800
,,,EUR,,,CRB4210700
,,,EUR,,,CRB4098000
,,,EUR,,,CRB4096600
,,,EUR,,,CRB4094800
,,,EUR,,,CRB4093700
,,,EUR,,,CRB4088200
,,,EUR,,,CRB4088100
,,,EUR,,,CRB4087200
,,,EUR,,,CRB4086400
,,,EUR,,,CRB4079800
,,"9,150€",EUR,,,CRB6049617
,,"11,700€",EUR,,,CRB7224998
,,,EUR,,,CRN4804800
,,,EUR,,,CRB4241400
,,,EUR,,,CRB4241300
,,,EUR,,,CRB4233000
,,,EUR,,,CRB4232400
,,,EUR,,,CRB4232200
,,,EUR,,,CRB4231100
,,,EUR,,,CRB4224300
,,,EUR,,,CRB4224200
,,,EUR,,,CRB4210300
,,,EUR,,,CRB4210200
,,,EUR,,,CRB4210100
,,,EUR,,,CRB4209900
,,,EUR,,,CRB4098200
,,,EUR,,,CRB4098100
,,,EUR,,,CRB4093900
,,,EUR,,,CRB4078000
,,,EUR,,,CRB4077800
,,,EUR,,,CRB4071800
,,,EUR,,,CRB4059500
,,,EUR,,,CRB4058300
,,,EUR,,,CRB4057700
,,,EUR,,,CRB4054000
,,,EUR,,,CRB4052200
,,,EUR,,,CRB4052100
,,,EUR,,,CRB4051300
,,,EUR,,,CRB4036800
,,,EUR,,,CRB4036700
,,,EUR,,,CRB4012500
,,"30,700€",EUR,,,CRN6726417
,,"36,800€",EUR,,,CRN6736817
,,"48,900€",EUR,,,CRN6726917
,,"62,500€",EUR,,,CRN6727317
,,,EUR,,,CRB4218000
,,"32,900€",EUR,,,CRN6726517
,,"39,300€",EUR,,,CRN6737617
,,"52,500€",EUR,,,CRN6727017
,,"52,500€",EUR,,,CRN6032417
,,"67,000€",EUR,,,CRN6727417
,,"70,000€",EUR,,,CRN7424352
,,,EUR,,,CRN4210400
,,,EUR,,,CRB4218200
,,,EUR,,,CRB4083400
,,"30,700€",EUR,,,CRN6726317
,,"36,800€",EUR,,,CRN6736017
,,"48,900€",EUR,,,CRN6726817
,,"62,500€",EUR,,,CRN6727217
,,,EUR,,,CRB4218100
,,,EUR,,,CRB4087600
,,,EUR,,,CRB4085800
,,"5,750€",EUR,,,CRB7224774
,,"6,300€",EUR,,,CRB7224782
,,"8,100€",EUR,,,CRB6049917
,,"11,600€",EUR,,,CRB6064516
,,"26,100€",EUR,,,CRN6709917
,,"32,400€",EUR,,,CRN6725817
,,"52,500€",EUR,,,CRN6726117
,,"53,500€",EUR,,,CRN6718117
,,"64,500€",EUR,,,CRN6725617
,,"68,000€",EUR,,,CRN6722117
,,,EUR,,,CRN4765800
,,,EUR,,,CRN4765500
,,,EUR,,,CRN4225000
,,,EUR,,,CRB4235500
,,,EUR,,,CRB4234900
,,,EUR,,,CRB4221100
,,,EUR,,,CRB4216000
,,,EUR,,,CRB4127100
,,,EUR,,,CRB4096700
,,,EUR,,,CRB4080300
,,"8,700€",EUR,,,CRB6049717
,,"11,800€",EUR,,,CRB6087317
,,"29,300€",EUR,,,CRN6715817
,,"42,100€",EUR,,,CRN6713317
,,"73,000€",EUR,,,CRN6722317
,,"91,500€",EUR,,,CRN6710017
,,,EUR,,,CRN4788200
,,,EUR,,,CRN4777900
,,,EUR,,,CRN4768000
,,,EUR,,,CRN4765900
,,,EUR,,,CRN4765600
,,,EUR,,,CRN4753300
,,,EUR,,,CRN4753200
,,,EUR,,,CRN4752700
,,,EUR,,,CRN4244700
,,,EUR,,,CRN4224900
,,,EUR,,,CRN4211000
,,,EUR,,,CRB4230300
,,,EUR,,,CRB4221000
,,,EUR,,,CRB4127200
,,,EUR,,,CRB4098900
,,,EUR,,,CRB4080400
,,"8,100€",EUR,,,CRB6049817
,,11000,EUR,,,CRN4766000
,,"11,100€",EUR,,,CRB6085717
,,"11,600€",EUR,,,CRB6046516
,,"12,400€",EUR,,,CRB7224538
,,"17,500€",EUR,,,CRN6719017
,,"26,200€",EUR,,,CRN7424425
,,"27,400€",EUR,,,CRN6715917
,,"32,400€",EUR,,,CRN6725917
,,"48,600€",EUR,,,CRN6723417
,,"49,600€",EUR,,,CRN6719117
,,"53,500€",EUR,,,CRN6718217
,,"59,500€",EUR,,,CRN6716117
,,"62,000€",EUR,,,CRN7424426
,,"64,500€",EUR,,,CRN6725717
,,"68,000€",EUR,,,CRN6722217
,,,EUR,,,CRN4802600
,,,EUR,,,CRN4793900
,,,EUR,,,CRN4780800
,,,EUR,,,CRN4765700
,,,EUR,,,CRN4742200
,,,EUR,,,CRB4230200
,,,EUR,,,CRB4221800
,,,EUR,,,CRB4221400
,,,EUR,,,CRB4221200
,,,EUR,,,CRB4216600
,,,EUR,,,CRB4216400
,,,EUR,,,CRB4098800
,,,EUR,,,CRB4095300
,,,EUR,,,CRB4080500
,,,EUR,,,CRN4804700
,,,EUR,,,CRB4242200
,,,EUR,,,CRB4221900
,,,EUR,,,CRB4216500
,,,EUR,,,CRB4216300
,,,EUR,,,CRB4071400
,,"3,600€",EUR,,,CRB7224808
,,"5,800€",EUR,,,CRB7224807
,,"24,500€",EUR,,,CRN7424444
,,,EUR,,,CRN4814300
,,,EUR,,,CRN4814200
,,,EUR,,,CRN4801600
,,,EUR,,,CRN4778300
,,,EUR,,,CRN4778200
,,,EUR,,,CRN4778100
,,"8,000€",EUR,,,CRN7424481
,,"8,000€",EUR,,,CRB7224895
,,"52,500€",EUR,,,CRN6709817
,,,EUR,,,CRB4231500
,,,EUR,,,CRB4211900
,,"56,000€",EUR,,,CRN6707317
,,"96,000€",EUR,,,CRN6708717
,,,EUR,,,CRN4748700
,,,EUR,,,CRB4231600
,,,EUR,,,CRB4211100
,,"8,000€",EUR,,,CRB7224893
,,"52,500€",EUR,,,CRN6702117
,,"90,000€",EUR,,,CRN6708617
,,,EUR,,,CRN4748600
,,,EUR,,,CRB4231400
,,,EUR,,,CRB4210900
,,"3,550€",EUR,,,CRWSTA0135
,,"3,700€",EUR,,,CRWSTA0116
,,"3,750€",EUR,,,CRWSTA0136
,,"3,900€",EUR,,,CRWSTA0121
,,"3,900€",EUR,,,CRWSTA0108
,,"3,900€",EUR,,,CRWSTA0107
,,"4,150€",EUR,,,CRWSTA0122
,,"4,150€",EUR,,,CRWSTA0106
,,"4,200€",EUR,,,CRWSPN0012
,,"5,400€",EUR,,,CRWSTA0141
,,"5,950€",EUR,,,CRWSPN0015
,,"6,500€",EUR,,,CRW4TA0031
,,"10,500€",EUR,,,CRW4PN0018
,,,EUR,,,CRN4815100
,,,EUR,,,CRN4767700
,,,EUR,,,CRN4747900
,,,EUR,,,CRB4246800
,,,EUR,,,CRB4232900
,,,EUR,,,CRB4225500
,,,EUR,,,CRB4212000
,,,EUR,,,CRB4087000
,,,EUR,,,CRB4086300
,,"16,200€",EUR,,,CRN6703417
,,"27,500€",EUR,,,CRN6707917
,,"30,000€",EUR,,,CRN7424341
,,"30,700€",EUR,,,CRN6710514
,,"39,400€",EUR,,,CRN6708017
,,"42,400€",EUR,,,CRN6738517
,,"55,500€",EUR,,,CRN6708117
,,"62,500€",EUR,,,CRN7424155
,,"93,500€",EUR,,,CRN7424157
,,"127,000€",EUR,,,CRH6020017
,,"128,000€",EUR,,,CRN7424159
,,"130,000€",EUR,,,CRN6700417
,,"139,000€",EUR,,,CRN7424597
,,"140,000€",EUR,,,CRN7408238
,,"141,000€",EUR,,,CRN6722417
,,"164,000€",EUR,,,CRN6720617
,,"186,000€",EUR,,,CRN6721017
,,"271,000€",EUR,,,CRN7424435
,,,EUR,,,CRN4805000
,,,EUR,,,CRN4781000
,,,EUR,,,CRN4767800
,,,EUR,,,CRN4749400
,,,EUR,,,CRN4749200
,,,EUR,,,CRN4744900
,,,EUR,,,CRN4722400
,,,EUR,,,CRN4225200
,,,EUR,,,CRB4225700
,,,EUR,,,CRB4225600
,,,EUR,,,CRB4210400
,,,EUR,,,CRB4077900
,,"3,950€",EUR,,,CRB7224796
,,"15,100€",EUR,,,CRN6703317
,,"21,100€",EUR,,,CRN6728517
,,"24,200€",EUR,,,CRN6714517
,,"25,600€",EUR,,,CRN6708217
,,"32,100€",EUR,,,CRN6715017
,,"36,600€",EUR,,,CRN6708317
,,"39,000€",EUR,,,CRN6723617
,,"41,700€",EUR,,,CRN7424520
,,"58,000€",EUR,,,CRN7424151
,,"78,000€",EUR,,,CRN7424464
,,"86,500€",EUR,,,CRN7424153
,,"119,000€",EUR,,,CRH6020117
,,,EUR,,,CRN4815000
,,,EUR,,,CRN4804900
,,,EUR,,,CRN4796100
,,,EUR,,,CRN4765400
,,,EUR,,,CRN4749300
,,,EUR,,,CRN4749100
,,,EUR,,,CRN4748000
,,,EUR,,,CRN4722700
,,,EUR,,,CRB4230400
,,,EUR,,,CRB4225400
,,,EUR,,,CRB4216700
,,,EUR,,,CRB4210600
,,,EUR,,,CRB4210500
,,,EUR,,,CRB4093500
,,,EUR,,,CRB4086500
,,"98,000€",EUR,,,CRN6729417
,,"184,000€",EUR,,,CRN7424526
,,,EUR,,,CRN4815300
,,,EUR,,,CRN4127500
,,,EUR,,,CRN4127300
,,,EUR,,,CRB4232100
,,,EUR,,,CRB4232000
,,,EUR,,,CRB4093600
,,,EUR,,,CRB4087100
,,,EUR,,,CRB4052900
,,"7,200€",EUR,,,CRW2SA0036
,,"9,550€",EUR,,,CRW2PN0018
,,"10,500€",EUR,,,CRW2SA0034
,,"12,200€",EUR,,,CRW2SA0016
,,"21,000€",EUR,,,CRWGBA0025
,,"32,800€",EUR,,,CRWJTA0062
,,"37,700€",EUR,,,CRWJPN0093
,,"278,000€",EUR,,,CRHPI01777
,,,EUR,,,CRWGMC0004
,,"15,000€",EUR,,,CRN6730817
,,"17,300€",EUR,,,CRWJTA0058
,,"29,400€",EUR,,,CRWJBA0042
,,"29,900€",EUR,,,CRWJTA0057
,,"47,300€",EUR,,,CRWJBA0006
,,,EUR,,,CRWGMC0005
,,"6,750€",EUR,,,CRW2SA0038
,,"7,200€",EUR,,,CRW2SA0037
,,"10,700€",EUR,,,CRW2BB0032
,,"16,100€",EUR,,,CRW3PN0015
,,"45,000€",EUR,,,CRWJTA0067
,,"50,500€",EUR,,,CRWJBA0007
,,"62,500€",EUR,,,CRHPI01773
,,"68,500€",EUR,,,CRWJTA0060
,,"84,000€",EUR,,,CRHPI01701
,,,EUR,,,CRB4240000
,,520€,EUR,,,CRL5000639
,,520€,EUR,,,CRL5000636
,,620€,EUR,,,CRL5000708
,,620€,EUR,,,CRL5000696
,,130€,EUR,,,CR65100037
,,152€,EUR,,,CRFS100016
,,162€,EUR,,,CR65100043
,,162€,EUR,,,CR65100036
,,130€,EUR,,,CR66100032
,,130€,EUR,,,CR66100029
,,130€,EUR,,,CR65100038
,,150€,EUR,,,CR66100039
,,162€,EUR,,,CR66100033
,,174€,EUR,,,CRFS100015
,,174€,EUR,,,CRFP327040
,,183€,EUR,,,CRFS100017
,,183€,EUR,,,CRFP100030
,,"1,060€",EUR,,,CRB8301423
,,1410,EUR,,,CRB4085000
,,"1,780€",EUR,,,CRB8301255
,,"2,110€",EUR,,,CRB6091000
,,"2,290€",EUR,,,CRB8028800
,,2610,EUR,,,CRB4056100
,,"2,800€",EUR,,,CRB7212400
,,"4,250€",EUR,,,CRB7014200
,,"4,400€",EUR,,,CRB8022500
,,"4,800€",EUR,,,CRB8028200
,,"5,800€",EUR,,,CRB8301499
,,"9,750€",EUR,,,CRB6088917
,,"1,900€",EUR,,,CRB8301256
,,"2,260€",EUR,,,CRB6091200
,,"2,450€",EUR,,,CRB8028900
,,"2,990€",EUR,,,CRB7212500
,,"4,550€",EUR,,,CRB7014300
,,"5,150€",EUR,,,CRB8028300
,,"6,200€",EUR,,,CRB8301500
,,"10,500€",EUR,,,CRB6089717
,,,EUR,,,CRN4723700
,,"1,060€",EUR,,,CRB8301422
,,"1,780€",EUR,,,CRB8301254
,,"2,110€",EUR,,,CRB6091100
,,"2,290€",EUR,,,CRB8029000
,,"2,800€",EUR,,,CRB7212300
,,"4,250€",EUR,,,CRB7014400
,,"5,800€",EUR,,,CRB8301498
,,"9,750€",EUR,,,CRB6088117
,,,EUR,,,CRN4250100
,,"1,080€",EUR,,,CRB6016700
,,"2,020€",EUR,,,CRB8301540
,,"2,450€",EUR,,,CRB7224817
,,"2,820€",EUR,,,CRB8301462
,,"3,750€",EUR,,,CR80083231
,,"3,800€",EUR,,,CRB8301507
,,"7,350€",EUR,,,CRB8301459
,,"1,070€",EUR,,,CRB8301446
,,"2,400€",EUR,,,CRB8301502
,,"2,520€",EUR,,,CRB6038300
,,"2,890€",EUR,,,CRB7219500
,,"3,450€",EUR,,,CRB8301235
,,4600,EUR,,,CRB4056200
,,"4,750€",EUR,,,CRB6084300
,,"5,450€",EUR,,,CRB7013800
,,"5,550€",EUR,,,CRB7014500
,,"6,000€",EUR,,,CRB8301525
,,"6,200€",EUR,,,CRN8515243
,,"6,600€",EUR,,,CRB8022900
,,"7,850€",EUR,,,CRN8515241
,,"8,700€",EUR,,,CRB8301528
,,"19,200€",EUR,,,CRN7424510
,,"2,690€",EUR,,,CRB6038100
,,"3,100€",EUR,,,CRB7219400
,,"3,700€",EUR,,,CRB8301236
,,"5,100€",EUR,,,CRB6084400
,,"5,850€",EUR,,,CRB7013700
,,"5,950€",EUR,,,CRB7014600
,,"7,050€",EUR,,,CRB8022800
,,"8,400€",EUR,,,CRN8515242
,,"10,200€",EUR,,,CRB7224864
,,"1,070€",EUR,,,CRB8301491
,,"2,400€",EUR,,,CRB8301501
,,"2,520€",EUR,,,CRB6063600
,,"2,890€",EUR,,,CRB7224509
,,"3,450€",EUR,,,CRB8301234
,,"4,750€",EUR,,,CRB6084200
,,"5,200€",EUR,,,CRB8301433
,,"5,450€",EUR,,,CRB7013900
,,"5,550€",EUR,,,CRB7014700
,,"6,000€",EUR,,,CRB8301211
,,"6,600€",EUR,,,CRB8301218
,,"7,850€",EUR,,,CRN8515240
,,"8,700€",EUR,,,CRB8301527
,,"19,200€",EUR,,,CRN7424509
,,"2,570€",EUR,,,CRB8301536
,,"4,400€",EUR,,,CRB7219700
,,"9,300€",EUR,,,CRB8301529
,,"20,600€",EUR,,,CRN7424511
,,"16,000€",EUR,,,CRB8301535
,,"4,900€",EUR,,,CRB7224849
,,"5,250€",EUR,,,CRB7224806
,,"8,000€",EUR,,,CRB7224810
,,"9,200€",EUR,,,CRB8301465
,,"9,800€",EUR,,,CRB7224811
,,"14,400€",EUR,,,CRB8301513
,,"16,700€",EUR,,,CRB8031900
,,720€,EUR,,,CRB3153124
,,720€,EUR,,,CRB3153113
,,720€,EUR,,,CRB3153112
,,720€,EUR,,,CRB3153111
,,950€,EUR,,,CRB6045617
,,"1,120€",EUR,,,CRB7224517
,,"1,380€",EUR,,,CRB6043300
,,"1,410€",EUR,,,CRB8301215
,,"1,480€",EUR,,,CRB6026000
,,"1,500€",EUR,,,CRB7215800
,,"2,010€",EUR,,,CRB6062917
,,"2,160€",EUR,,,CRB8301405
,,"2,400€",EUR,,,CRB6090300
,,"2,440€",EUR,,,CRB7215500
,,"3,150€",EUR,,,CRB7225048
,,"3,200€",EUR,,,CRB8041600
,,"3,300€",EUR,,,CRB8301436
,,"3,300€",EUR,,,CRB8301432
,,"4,400€",EUR,,,CRB7225047
,,"4,850€",EUR,,,CRB7224889
,,"4,950€",EUR,,,CRB7224777
,,"5,050€",EUR,,,CRB6021300
,,"5,100€",EUR,,,CRB8301490
,,"5,750€",EUR,,,CRB7224582
,,"6,650€",EUR,,,CRB8043900
,,"6,750€",EUR,,,CRB8301512
,,"6,900€",EUR,,,CRB8301509
,,"9,150€",EUR,,,CRB8301225
,,"10,100€",EUR,,,CRB7225010
,,"12,100€",EUR,,,CRB7009000
,,"14,300€",EUR,,,CRB8301504
,,15600,EUR,,,CRH4393100
,,17500,EUR,,,CRH4393200
,,"24,300€",EUR,,,CRN7424210
,,"26,200€",EUR,,,CRN8515268
,,"108,000€",EUR,,,CRH6040017
,,"108,000€",EUR,,,CRH6038817
,,"156,000€",EUR,,,CRH7001111
,,"168,000€",EUR,,,CRH7000878
,,,EUR,,,CRN8515069
,,,EUR,,,CRN8502100
,,,EUR,,,CRN7424206
,,,EUR,,,CRN7405700
,,,EUR,,,CRN4235100
,,"1,010€",EUR,,,CRB6045517
,,"1,200€",EUR,,,CRB7224515
,,"1,480€",EUR,,,CRB6037200
,,"1,500€",EUR,,,CRB8301213
,,"1,610€",EUR,,,CRB7215900
,,"2,150€",EUR,,,CRB6063117
,,"2,320€",EUR,,,CRB8301407
,,"2,570€",EUR,,,CRB6090500
,,"2,610€",EUR,,,CRB7215400
,,"3,350€",EUR,,,CRB7225045
,,"3,400€",EUR,,,CRB8041400
,,"4,650€",EUR,,,CRB8301521
,,"4,700€",EUR,,,CRB7225046
,,5100,EUR,,,CRB4242100
,,"5,250€",EUR,,,CRB7224891
,,"5,400€",EUR,,,CRB6021400
,,"5,450€",EUR,,,CRB8301534
,,"6,200€",EUR,,,CRB7224583
,,"7,550€",EUR,,,CRB8301545
,,8750,EUR,,,CRB4243800
,,"10,800€",EUR,,,CRB7225012
,,"13,000€",EUR,,,CRB7009100
,,"45,900€",EUR,,,CRN7424525
,,,EUR,,,CRN8515055
,,,EUR,,,CRN8504300
,,,EUR,,,CRN7424191
,,,EUR,,,CRN7405500
,,,EUR,,,CRHP701034
,,,EUR,,,CRHP700950
,,950€,EUR,,,CRB6045717
,,"1,080€",EUR,,,CRB6037300
,,"1,120€",EUR,,,CRB7224516
,,"1,200€",EUR,,,CRB7218400
,,"1,380€",EUR,,,CRB6040300
,,"1,410€",EUR,,,CRB8301214
,,"1,500€",EUR,,,CRB7215700
,,"1,670€",EUR,,,CRB8043400
,,"2,010€",EUR,,,CRB6063017
,,"2,160€",EUR,,,CRB8301406
,,"2,400€",EUR,,,CRB6090400
,,"2,440€",EUR,,,CRB7215600
,,"3,150€",EUR,,,CRB7224744
,,"3,200€",EUR,,,CRB8041500
,,"3,300€",EUR,,,CRB8301444
,,"4,350€",EUR,,,CRB8301520
,,"4,400€",EUR,,,CRB7224745
,,"4,850€",EUR,,,CRB7224887
,,"4,950€",EUR,,,CRB7224972
,,"5,050€",EUR,,,CRB6090600
,,"5,100€",EUR,,,CRB8301415
,,5450,EUR,,,CRB4241000
,,"5,700€",EUR,,,CRB7225044
,,"5,700€",EUR,,,CRB7225017
,,"5,750€",EUR,,,CRB7225008
,,6300,EUR,,,CRB4248600
,,6300,EUR,,,CRB4246500
,,"6,450€",EUR,,,CRB8301408
,,"6,900€",EUR,,,CRB8301510
,,"7,050€",EUR,,,CRB8301544
,,"8,050€",EUR,,,CRB8301530
,,"8,650€",EUR,,,CRB8301478
,,"9,150€",EUR,,,CRB8301212
,,"9,300€",EUR,,,CRB8301541
,,"9,300€",EUR,,,CRB8301531
,,"9,400€",EUR,,,CRB8301416
,,"10,100€",EUR,,,CRB7225011
,,"12,100€",EUR,,,CRB7225009
,,"12,400€",EUR,,,CRN8515219
,,"14,300€",EUR,,,CRB8301503
,,"42,900€",EUR,,,CRN7424524
,,,EUR,,,CRN8502300
,,,EUR,,,CRN7411900
,,,EUR,,,CRN4743600
,,,EUR,,,CRN4724900
,,,EUR,,,CRN4204200
,,"8,000€",EUR,,,CRB5003909
,,"11,800€",EUR,,,CRB8301524
,,"55,500€",EUR,,,CRB7225001
,,,EUR,,,CRN8515231
,,,EUR,,,CRN7424447
,,,EUR,,,CRN4794900
,,,EUR,,,CRN4792500
,,,EUR,,,CRN4791900
,,,EUR,,,CRN4791300
,,,EUR,,,CRN4163600
,,,EUR,,,CRHP800805
,,,EUR,,,CRHP800797
,,,EUR,,,CRHP800794
,,,EUR,,,CRHP800555
,,"5,850€",EUR,,,CRB6084600
,,"6,500€",EUR,,,CRB7225004
,,8000,EUR,,,CRB4083300
,,"9,900€",EUR,,,CRB7058400
,,"2,260€",EUR,,,CRB8301424
,,"6,250€",EUR,,,CRB6084700
,,"6,950€",EUR,,,CRB7216300
,,"10,600€",EUR,,,CRB7058000
,,"14,400€",EUR,,,CRN8515193
,,"5,850€",EUR,,,CRB6084500
,,"6,500€",EUR,,,CRB7224528
,,"9,900€",EUR,,,CRB7224527
,,"13,400€",EUR,,,CRN8515192
,,,EUR,,,CRN4774600
,,"13,300€",EUR,,,CRB8044700
,,"19,400€",EUR,,,CRN6036700
,,"27,200€",EUR,,,CRN7424121
,,"27,900€",EUR,,,CRN8515072
,,"27,900€",EUR,,,CRN7059200
,,60000,EUR,,,CRH4406800
,,"164,000€",EUR,,,CRH7001265
,,"196,000€",EUR,,,CRH6015317
,,"229,000€",EUR,,,CRH6043317
,,"397,000€",EUR,,,CRH7001185
,,"28,400€",EUR,,,CRN5300310
,,"50,500€",EUR,,,CRN8503200
,,51000,EUR,,,CRH4315200
,,"56,000€",EUR,,,CRN8515073
,,"56,500€",EUR,,,CRH8001172
,,60000,EUR,,,CRH4412800
,,81500,EUR,,,CRH4275500
,,"87,000€",EUR,,,CRN6726217
,,"99,000€",EUR,,,CRH7000331
,,"172,000€",EUR,,,CRH6045517
,,"244,000€",EUR,,,CRH7000539
,,"253,000€",EUR,,,CRH6025517
,,"292,000€",EUR,,,CRH7000538
,,"293,000€",EUR,,,CRH7000329
,,"306,000€",EUR,,,CRH7001183
,,"351,000€",EUR,,,CRH6031917
,,"421,000€",EUR,,,CRH6031617
,,,EUR,,,CRN8515157
,,,EUR,,,CRN7424298
,,,EUR,,,CRHP700899
,,,EUR,,,CRH8001065
,,,EUR,,,CRH8000666
,,,EUR,,,CRH8000665
,,,EUR,,,CRH6043416
,,,EUR,,,CRH4348100
,,"19,300€",EUR,,,CRN8515226
,,"27,200€",EUR,,,CRN7424239
,,"31,500€",EUR,,,CRN8515235
,,57500,EUR,,,CRH4346700
,,"83,000€",EUR,,,CRH6036617
,,"102,000€",EUR,,,CRH8001060
,,"102,000€",EUR,,,CRH7000865
,,"103,000€",EUR,,,CRH8001011
,,103000,EUR,,,CRH4398500
,,"105,000€",EUR,,,CRH7000333
,,"137,000€",EUR,,,CRH7001056
,,"197,000€",EUR,,,CRH6043817
,,"211,000€",EUR,,,CRH8000485
,,"244,000€",EUR,,,CRH7000884
,,"244,000€",EUR,,,CRH7000866
,,"266,000€",EUR,,,CRH6025717
,,"308,000€",EUR,,,CRH7000310
,,"334,000€",EUR,,,CRH6041817
,,"477,000€",EUR,,,CRH7000325
,,"50,500€",EUR,,,CRH8001171
,,"60,000€",EUR,,,CRH5000125
,,60000,EUR,,,CRH4414200
,,60000,EUR,,,CRH4412700
,,63000,EUR,,,CRN4251300
,,"90,000€",EUR,,,CRH8001181
,,"126,000€",EUR,,,CRH6047317
,,"126,000€",EUR,,,CRH6047316
,,"156,000€",EUR,,,CRH6045417
,,"258,000€",EUR,,,CRH7001182
,,"360,000€",EUR,,,CRH7001200
,,,EUR,,,CRN4197600
,,,EUR,,,CRH4190000
,,"16,400€",EUR,,,CRN7424568
,,"16,400€",EUR,,,CRN7424567
,,29800,EUR,,,CRN4824700
,,"3,700€",EUR,,,CRB7224814
,,530€,EUR,,,CRL3002187
,,530€,EUR,,,CRL3002186
,,"1,700€",EUR,,,CRL1002469
,,"1,700€",EUR,,,CRL1002468
,,"2,650€",EUR,,,CRL1002477
,,"2,650€",EUR,,,CRL1002476
,,"7,500€",EUR,,,CRB8301430
,,"30,000€",EUR,,,CRN8515308
,,"33,600€",EUR,,,CRN8515271
,,"8,000€",EUR,,,CRB8301431
,,"8,600€",EUR,,,CRB7224898
,,"8,600€",EUR,,,CRB7224897
,,"32,200€",EUR,,,CRN8515008
,,"36,000€",EUR,,,CRN8515272
,,"402,000€",EUR,,,CRHP601192
,,"427,000€",EUR,,,CRH6004717
,,"575,000€",EUR,,,CRH7000221
,,"7,500€",EUR,,,CRB8301429
,,"14,400€",EUR,,,CRN7413500
,,"30,000€",EUR,,,CRN8515009
,,"33,600€",EUR,,,CRN8515270
,,"84,000€",EUR,,,CRN7424512
,,"3,550€",EUR,,,CRWSTA0137
,,"3,750€",EUR,,,CRWSTA0138
,,"3,900€",EUR,,,CRWSTA0115
,,"3,900€",EUR,,,CRWSTA0113
,,"4,200€",EUR,,,CRWSTA0129
,,"4,200€",EUR,,,CRB8301245
,,"4,350€",EUR,,,CRWSTA0117
,,"4,700€",EUR,,,CRWSSA0086
,,"5,000€",EUR,,,CRWSSA0085
,,"5,000€",EUR,,,CRWSPN0013
,,"5,400€",EUR,,,CRWSTA0105
,,"5,500€",EUR,,,CRWSBB0073
,,"5,800€",EUR,,,CRWSTA0053
,,"6,250€",EUR,,,CRWSBB0030
,,"6,550€",EUR,,,CRWSSA0082
,,"6,550€",EUR,,,CRWSPN0016
,,"6,550€",EUR,,,CRWSBB0028
,,"6,600€",EUR,,,CRWSTA0067
,,"6,700€",EUR,,,CRWSBB0068
,,"6,700€",EUR,,,CRWSBB0062
,,"6,700€",EUR,,,CRWSBB0044
,,"6,750€",EUR,,,CRWSTA0083
,,"7,150€",EUR,,,CRWSBB0048
,,"7,400€",EUR,,,CRW4TA0030
,,"7,450€",EUR,,,CRWSSA0032
,,"7,600€",EUR,,,CRWSBB0026
,,"8,050€",EUR,,,CRWSBB0049
,,"8,100€",EUR,,,CRWSSA0063
,,"8,100€",EUR,,,CRWSSA0061
,,"8,100€",EUR,,,CRWSSA0029
,,"8,350€",EUR,,,CRW4BB0021
,,"8,400€",EUR,,,CRWSSA0046
,,"8,900€",EUR,,,CRWSSA0096
,,"8,900€",EUR,,,CRWSSA0071
,,"8,900€",EUR,,,CRWSSA0062
,,"8,900€",EUR,,,CRWSSA0018
,,"9,100€",EUR,,,CRW4PN0016
,,"9,200€",EUR,,,CRW4TA0029
,,"9,200€",EUR,,,CRB8301247
,,"10,500€",EUR,,,CRWSSA0076
,,"10,600€",EUR,,,CRW4TA0028
,,"12,900€",EUR,,,CRW4BB0037
,,"12,900€",EUR,,,CRW4BB0023
,,"14,900€",EUR,,,CRW4BB0035
,,"15,200€",EUR,,,CRW4SA0005
,,"18,400€",EUR,,,CRN8515096
,,"32,900€",EUR,,,CRWHSA0015
,,"33,500€",EUR,,,CRWHSA0032
,,"34,100€",EUR,,,CRWHSA0028
,,"34,100€",EUR,,,CRWHSA0026
,,"34,700€",EUR,,,CRWHSA0044
,,"114,000€",EUR,,,CRH8001243
,,153000,EUR,,,CRH4405900
,,"166,000€",EUR,,,CRH8001099
,,"209,000€",EUR,,,CRH5000102
,,"297,000€",EUR,,,CRH6013117
,,"466,000€",EUR,,,CRH6044117
,,"730,000€",EUR,,,CRH7001100
,,,EUR,,,CRN4816600
,,"2,960€",EUR,,,CRB6040400
,,"3,100€",EUR,,,CRB7221700
,,"3,350€",EUR,,,CRB3153117
,,"3,800€",EUR,,,CRB3153119
,,"4,450€",EUR,,,CRB8301226
,,7050,EUR,,,CRN4820200
,,"9,850€",EUR,,,CRB8301227
,,"12,300€",EUR,,,CRB8032600
,,"13,600€",EUR,,,CRN7424283
,,"16,600€",EUR,,,CRN8515155
,,"17,200€",EUR,,,CRN7424287
,,"18,300€",EUR,,,CRN8050700
,,"19,700€",EUR,,,CRN8515086
,,"20,600€",EUR,,,CRN8515133
,,"21,100€",EUR,,,CRN8515094
,,"24,600€",EUR,,,CRN7424321
,,"25,700€",EUR,,,CRN8515137
,,"26,300€",EUR,,,CRN8515269
,,28200,EUR,,,CRN4775000
,,"32,600€",EUR,,,CRN8515314
,,"36,100€",EUR,,,CRH8000465
,,"36,300€",EUR,,,CRN8515211
,,"38,700€",EUR,,,CRN8515188
,,"39,000€",EUR,,,CRN7413100
,,"42,200€",EUR,,,CRH8001142
,,42500,EUR,,,CRN4758300
,,"43,400€",EUR,,,CRN7424409
,,"43,800€",EUR,,,CRN6701000
,,"46,800€",EUR,,,CRN7424122
,,46800,EUR,,,CRN4790400
,,"51,500€",EUR,,,CRH8001103
,,58000,EUR,,,CRH4363200
,,"59,500€",EUR,,,CRN7424209
,,"60,000€",EUR,,,CRH8000455
,,61500,EUR,,,CRH4386200
,,63000,EUR,,,CRH4398400
,,63000,EUR,,,CRH4345500
,,"76,000€",EUR,,,CRH8000746
,,"90,000€",EUR,,,CRH8001070
,,"90,000€",EUR,,,CRH6023617
,,"90,500€",EUR,,,CRH8000215
,,92000,EUR,,,CRH4371400
,,"92,500€",EUR,,,CRN7424212
,,92500,EUR,,,CRH4415100
,,"95,500€",EUR,,,CRH8000893
,,"96,000€",EUR,,,CRH8000738
,,96000,EUR,,,CRH4414100
,,96500,EUR,,,CRH4300800
,,"97,500€",EUR,,,CRN8045900
,,"98,000€",EUR,,,CRH8000330
,,"98,500€",EUR,,,CRH8000761
,,98500,EUR,,,CRH4312100
,,"99,000€",EUR,,,CRH6023817
,,"100,000€",EUR,,,CRH8001105
,,"102,000€",EUR,,,CRH8000780
,,102000,EUR,,,CRH4413800
,,"103,000€",EUR,,,CRH8001154
,,"103,000€",EUR,,,CRH6030017
,,103000,EUR,,,CRH4411100
,,106000,EUR,,,CRH4403400
,,"107,000€",EUR,,,CRH8000629
,,107000,EUR,,,CRH4333700
,,"108,000€",EUR,,,CRN8503300
,,110000,EUR,,,CRH4380800
,,"111,000€",EUR,,,CRH6023716
,,115000,EUR,,,CRH4384500
,,"120,000€",EUR,,,CRH8001258
,,"120,000€",EUR,,,CRH8001134
,,"124,000€",EUR,,,CRH8001010
,,"124,000€",EUR,,,CRH8000932
,,126000,EUR,,,CRH4346400
,,"127,000€",EUR,,,CRH6024117
,,"129,000€",EUR,,,CRH8000459
,,132000,EUR,,,CRH4411000
,,"133,000€",EUR,,,CRH8000125
,,134000,EUR,,,CRH4373200
,,"137,000€",EUR,,,CRH8000994
,,"137,000€",EUR,,,CRH7000740
,,"137,000€",EUR,,,CRH7000301
,,"140,000€",EUR,,,CRH6024217
,,"143,000€",EUR,,,CRN3109100
,,"144,000€",EUR,,,CRH8001259
